{
  "ID" : "20",
  "STATE" : "AVAILABLE",
  "LOC_X" : 121.03809795967767,
  "LOC_Y" : -30.432454055758704,
  "DIR_X" : -0.9390202751548906,
  "DIR_Y" : 0.34386177869608253,
  "SPEED" : 1.0,
  "BATTERY" : 79
}