{
  "ID" : "30",
  "STATE" : "AVAILABLE",
  "LOC_X" : 18.511037785258942,
  "LOC_Y" : 79.18285411238249,
  "DIR_X" : -0.0740789108507578,
  "DIR_Y" : 0.9972523827833983,
  "SPEED" : 1.0,
  "BATTERY" : 99
}